DateKey,Year,Month,MonthName,Quarter
2026-03-02,2026,3,March,Q1
2026-03-04,2026,3,March,Q1
2026-03-05,2026,3,March,Q1
2026-03-06,2026,3,March,Q1
2026-03-07,2026,3,March,Q1
2026-03-08,2026,3,March,Q1
2026-03-09,2026,3,March,Q1
2026-03-10,2026,3,March,Q1
2026-03-11,2026,3,March,Q1
2026-03-12,2026,3,March,Q1
2026-03-13,2026,3,March,Q1
2026-03-14,2026,3,March,Q1
2026-03-15,2026,3,March,Q1
2026-03-16,2026,3,March,Q1
2026-03-17,2026,3,March,Q1
2026-03-18,2026,3,March,Q1
2026-03-19,2026,3,March,Q1
2026-03-20,2026,3,March,Q1
2026-03-21,2026,3,March,Q1
2026-03-22,2026,3,March,Q1
2026-03-23,2026,3,March,Q1
2026-03-27,2026,3,March,Q1
2026-04-02,2026,4,April,Q2
2026-04-04,2026,4,April,Q2
2026-04-05,2026,4,April,Q2
2026-04-06,2026,4,April,Q2
2026-04-07,2026,4,April,Q2
2026-04-08,2026,4,April,Q2
2026-04-09,2026,4,April,Q2
2026-04-10,2026,4,April,Q2
2026-04-11,2026,4,April,Q2
2026-04-12,2026,4,April,Q2
2026-04-13,2026,4,April,Q2
2026-04-14,2026,4,April,Q2
2026-04-15,2026,4,April,Q2
2026-04-16,2026,4,April,Q2
2026-04-17,2026,4,April,Q2
2026-04-18,2026,4,April,Q2
2026-04-19,2026,4,April,Q2
2026-04-20,2026,4,April,Q2
2026-04-21,2026,4,April,Q2
2026-04-22,2026,4,April,Q2
2026-04-23,2026,4,April,Q2
2026-04-27,2026,4,April,Q2
2026-05-02,2026,5,May,Q2
2026-05-04,2026,5,May,Q2
2026-05-05,2026,5,May,Q2
2026-05-06,2026,5,May,Q2
2026-05-07,2026,5,May,Q2
2026-05-08,2026,5,May,Q2
2026-05-09,2026,5,May,Q2
2026-05-10,2026,5,May,Q2
2026-05-11,2026,5,May,Q2
2026-05-12,2026,5,May,Q2
2026-05-13,2026,5,May,Q2
2026-05-14,2026,5,May,Q2
2026-05-15,2026,5,May,Q2
2026-05-16,2026,5,May,Q2
2026-05-17,2026,5,May,Q2
2026-05-18,2026,5,May,Q2
2026-05-19,2026,5,May,Q2
2026-05-20,2026,5,May,Q2
2026-05-21,2026,5,May,Q2
2026-05-22,2026,5,May,Q2
2026-05-23,2026,5,May,Q2
2026-05-27,2026,5,May,Q2
2026-05-30,2026,5,May,Q2
