ObligationID,CustomerID,ProviderID,DueDateKey,ExpectedAmount,ActualPaidAmount,DaysLate,Cycle,ExtraCharged
1,101,1,2026-03-15,1200.00,1200.00,0,1,0.00
2,101,2,2026-03-18,800.00,800.00,0,1,0.00
3,101,1,2026-04-15,1200.00,1200.00,0,2,0.00
4,101,2,2026-04-18,800.00,800.00,0,2,0.00
5,101,1,2026-05-15,1200.00,1450.00,7,3,250.00
6,101,2,2026-05-18,800.00,800.00,0,3,0.00
7,102,1,2026-03-10,2000.00,2000.00,0,1,0.00
8,102,3,2026-03-12,1500.00,1500.00,0,1,0.00
9,102,4,2026-03-14,900.00,900.00,0,1,0.00
10,102,1,2026-04-10,2000.00,2000.00,0,2,0.00
11,102,3,2026-04-12,1500.00,1500.00,0,2,0.00
12,102,4,2026-04-14,900.00,900.00,0,2,0.00
13,102,1,2026-05-10,2000.00,2300.00,15,3,300.00
14,102,3,2026-05-12,1500.00,1650.00,14,3,150.00
15,102,4,2026-05-14,900.00,900.00,0,3,0.00
16,103,2,2026-03-05,1000.00,1000.00,0,1,0.00
17,103,5,2026-03-08,600.00,600.00,0,1,0.00
18,103,2,2026-04-05,1000.00,1000.00,0,2,0.00
19,103,5,2026-04-08,600.00,600.00,0,2,0.00
20,103,2,2026-05-05,1000.00,1000.00,0,3,0.00
21,103,5,2026-05-08,600.00,730.00,11,3,130.00
22,104,1,2026-03-20,1800.00,1800.00,0,1,0.00
23,104,4,2026-03-22,1100.00,1100.00,0,1,0.00
24,104,1,2026-04-20,1800.00,1800.00,0,2,0.00
25,104,4,2026-04-22,1100.00,1100.00,0,2,0.00
26,104,1,2026-05-20,1800.00,2070.00,9,3,270.00
27,104,4,2026-05-22,1100.00,1265.00,8,3,165.00
28,105,2,2026-03-11,900.00,900.00,0,1,0.00
29,105,3,2026-03-13,700.00,700.00,0,1,0.00
30,105,2,2026-04-11,900.00,900.00,0,2,0.00
31,105,3,2026-04-13,700.00,700.00,0,2,0.00
32,105,2,2026-05-11,900.00,900.00,0,3,0.00
33,105,3,2026-05-13,700.00,700.00,0,3,0.00
34,106,1,2026-03-07,1300.00,1300.00,0,1,0.00
35,106,5,2026-03-09,500.00,500.00,0,1,0.00
36,106,1,2026-04-07,1300.00,1300.00,0,2,0.00
37,106,5,2026-04-09,500.00,500.00,0,2,0.00
38,106,1,2026-05-07,1300.00,1300.00,0,3,0.00
39,106,5,2026-05-09,500.00,500.00,0,3,0.00
40,107,2,2026-03-16,2500.00,2500.00,0,1,0.00
41,107,1,2026-03-17,1800.00,1800.00,0,1,0.00
42,107,4,2026-03-19,1200.00,1200.00,0,1,0.00
43,107,2,2026-04-16,2500.00,2500.00,0,2,0.00
44,107,1,2026-04-17,1800.00,1800.00,0,2,0.00
45,107,4,2026-04-19,1200.00,1200.00,0,2,0.00
46,107,2,2026-05-16,2500.00,2500.00,0,3,0.00
47,107,1,2026-05-17,1800.00,1800.00,0,3,0.00
48,107,4,2026-05-19,1200.00,1200.00,0,3,0.00
49,108,1,2026-03-04,950.00,950.00,0,1,0.00
50,108,2,2026-03-06,650.00,650.00,0,1,0.00
51,108,1,2026-04-04,950.00,950.00,0,2,0.00
52,108,2,2026-04-06,650.00,650.00,0,2,0.00
53,108,1,2026-05-04,950.00,950.00,0,3,0.00
54,108,2,2026-05-06,650.00,650.00,0,3,0.00
55,109,1,2026-03-21,700.00,700.00,0,1,0.00
56,109,1,2026-04-21,700.00,700.00,0,2,0.00
57,109,1,2026-05-21,700.00,700.00,0,3,0.00
58,110,2,2026-03-23,500.00,500.00,0,1,0.00
59,110,2,2026-04-23,500.00,500.00,0,2,0.00
60,110,2,2026-05-23,500.00,500.00,0,3,0.00
61,111,5,2026-03-02,400.00,400.00,0,1,0.00
62,111,5,2026-04-02,400.00,400.00,0,2,0.00
63,111,5,2026-05-02,400.00,400.00,0,3,0.00
64,112,3,2026-03-27,350.00,350.00,0,1,0.00
65,112,3,2026-04-27,350.00,350.00,0,2,0.00
66,112,3,2026-05-27,350.00,350.00,0,3,0.00
67,113,1,2026-03-06,800.00,800.00,0,1,0.00
68,113,2,2026-03-08,600.00,600.00,0,1,0.00
69,113,1,2026-04-06,800.00,800.00,0,2,0.00
70,113,2,2026-04-08,600.00,600.00,0,2,0.00
71,113,1,2026-05-06,800.00,980.00,14,3,180.00
72,113,2,2026-05-08,600.00,735.00,13,3,135.00
73,114,3,2026-03-14,600.00,600.00,0,1,0.00
74,114,5,2026-03-16,450.00,450.00,0,1,0.00
75,114,3,2026-04-14,600.00,600.00,0,2,0.00
76,114,5,2026-04-16,450.00,450.00,0,2,0.00
77,114,3,2026-05-14,600.00,735.00,11,3,135.00
78,114,5,2026-05-16,450.00,550.00,10,3,100.00
79,115,1,2026-03-09,700.00,700.00,0,1,0.00
80,115,4,2026-03-11,500.00,500.00,0,1,0.00
81,115,1,2026-04-09,700.00,700.00,0,2,0.00
82,115,4,2026-04-11,500.00,500.00,0,2,0.00
83,115,1,2026-05-09,700.00,875.00,15,3,175.00
84,115,4,2026-05-11,500.00,615.00,14,3,115.00
85,116,2,2026-03-13,550.00,550.00,0,1,0.00
86,116,5,2026-03-15,400.00,400.00,0,1,0.00
87,116,2,2026-04-13,550.00,550.00,0,2,0.00
88,116,5,2026-04-15,400.00,400.00,0,2,0.00
89,116,2,2026-05-13,550.00,690.00,9,3,140.00
90,116,5,2026-05-15,400.00,495.00,8,3,95.00
